total_trades,net_pnl,avg_pnl,win_rate,max_drawdown
142,5.753737992946526,0.040519281640468495,0.3591549295774648,-1135.5439144258369
